longitude,latitude,YR,MO,X,Y,TOT,CR,
-74.21473691,40.52238302,2014,1,924549,129668,1,GRAND LARCENY OF MOTOR VEHICLE,
-73.93441455,40.69482022,2014,1,1002437,192425,1,GRAND LARCENY,
-73.75945485,40.71346883,2014,6,1050935,199304,1,ROBBERY,
-73.9899364,40.73447282,2014,1,987039,206865,1,GRAND LARCENY,
-73.96689058,40.79881895,2014,1,993417,230310,1,GRAND LARCENY,
-73.96689058,40.79881895,2014,1,993417,230310,1,BURGLARY,
-73.98928073,40.7504225,2014,2,987220,212676,14,GRAND LARCENY,
-73.98561837,40.72927379,2014,1,988236,204971,1,GRAND LARCENY,
-73.99305769,40.73361394,2014,1,986174,206552,1,GRAND LARCENY,
-74.00419338,40.74257294,2014,1,983088,209816,1,GRAND LARCENY,
-74.00125175,40.71633589,2014,2,983903,200257,1,FELONY ASSAULT,
-73.98337623,40.76441177,2014,1,988855,217773,1,GRAND LARCENY,
-73.99383875,40.71548761,2014,1,985958,199948,1,FELONY ASSAULT,
-73.98878626,40.72907378,2014,1,987358,204898,1,GRAND LARCENY,
-73.98304099,40.6774166,2014,1,988954,186078,1,GRAND LARCENY,
-73.93960627,40.80359469,2014,2,1000970,232054,1,BURGLARY,
-73.96740019,40.7981137,2014,1,993276,230053,1,FELONY ASSAULT,
-73.73001295,40.72949066,2014,1,1059079,205165,1,GRAND LARCENY OF MOTOR VEHICLE,
-73.79788439,40.70206134,2014,1,1040291,195121,1,ROBBERY,
-73.86625961,40.69034761,2014,1,1021339,190817,1,GRAND LARCENY,
-73.79530536,40.70216932,2014,1,1041006,195162,1,FELONY ASSAULT,
-73.75908257,40.70968027,2014,2,1051042,197924,1,BURGLARY,
-73.86601684,40.69272704,2014,1,1021405,191684,1,BURGLARY,
-73.79340275,40.70512479,2014,1,1041531,196240,1,GRAND LARCENY,
-73.84020004,40.69464288,2014,1,1028563,192394,1,GRAND LARCENY,
-73.9333827,40.7747057,2014,1,1002701,221530,1,GRAND LARCENY,
-73.83841191,40.69740162,2014,1,1029057,193400,1,GRAND LARCENY,
-73.76869035,40.71835424,2014,1,1048370,201077,1,GRAND LARCENY,
-73.75371782,40.71096994,2014,2,1052528,198398,2,FELONY ASSAULT,
-73.73787259,40.72457921,2014,1,1056906,203369,1,GRAND LARCENY,
-73.74572002,40.60436955,2014,2,1054858,159567,1,GRAND LARCENY,
-73.7916348,40.71340806,2014,1,1042014,199259,1,GRAND LARCENY,
-73.76106913,40.7240176,2014,1,1050477,203146,1,GRAND LARCENY OF MOTOR VEHICLE,
-73.74808609,40.72844194,2014,1,1054071,204768,1,GRAND LARCENY,
-73.85443597,40.68859856,2014,1,1024619,190185,1,FELONY ASSAULT,
-73.87806358,40.75446461,2014,1,1018033,214172,1,ROBBERY,
-73.80825846,40.75669162,2014,1,1037371,215018,1,ROBBERY,
-73.8455041,40.69024201,2014,1,1027095,190788,1,BURGLARY,
-73.81762636,40.6956194,2014,1,1034822,192762,1,BURGLARY,
-73.85616052,40.72325342,2014,1,1024120,202810,1,GRAND LARCENY,
-74.13214146,40.63864326,2014,1,947576,171979,1,BURGLARY,
-74.12525327,40.62766632,2014,1,949482,167977,1,ROBBERY,
-73.91542601,40.83856367,2014,2,1007652,244800,1,GRAND LARCENY,
-73.91157683,40.83064229,2014,2,1008720,241915,1,ROBBERY,
-73.85490762,40.87783503,2014,2,1024374,259130,1,BURGLARY,
-73.8798056,40.82720736,2014,2,1017514,240674,2,BURGLARY,
-73.91438307,40.83459405,2014,2,1007942,243354,1,GRAND LARCENY,
-73.8048849,40.75376554,2014,1,1038308,213954,1,ROBBERY,
-73.92551379,40.83749196,2014,2,1004861,244407,1,FELONY ASSAULT,
-73.90163634,40.81329585,2014,2,1011478,235598,1,ROBBERY,
-73.95821488,40.69546811,2014,2,995837,192657,1,ROBBERY,
-73.91702519,40.69223989,2014,2,1007260,191489,1,BURGLARY,
-73.9304213,40.63378222,2014,2,1003562,170188,1,BURGLARY,
-73.91835679,40.68849972,2014,2,1006892,190126,1,GRAND LARCENY,
-73.9200587,40.69153938,2014,2,1006419,191233,1,BURGLARY,
-73.86979188,40.68929217,2014,2,1020360,190431,1,GRAND LARCENY,
-73.96106568,40.66752183,2014,2,995051,182475,1,FELONY ASSAULT,
-73.9325043,40.66887552,2014,2,1002974,182973,1,ROBBERY,
-73.97993525,40.75478266,2014,1,989809,214265,1,GRAND LARCENY,
-73.86932648,40.67837842,2014,2,1020495,186455,1,GRAND LARCENY,
-73.95246278,40.68057,2014,2,997435,187230,1,GRAND LARCENY,
-73.99109063,40.68374969,2014,2,986721,188385,1,GRAND LARCENY,
-73.88979887,40.65124299,2014,2,1014829,176561,1,GRAND LARCENY OF MOTOR VEHICLE,
-73.88077704,40.64803083,2014,2,1017334,175394,1,FELONY ASSAULT,
-73.86745176,40.67473396,2014,2,1021017,185128,1,GRAND LARCENY,
-73.95130145,40.67616965,2014,2,997758,185627,1,ROBBERY,
-74.00033868,40.63543093,2014,2,984156,170781,1,GRAND LARCENY,
-73.96835327,40.63945318,2014,2,993033,172248,2,ROBBERY,
-73.9297707,40.64603181,2014,2,1003739,174651,1,ROBBERY,
-73.97582929,40.76041957,2014,1,990946,216319,1,GRAND LARCENY,
-73.91515312,40.62748365,2014,2,1007802,167897,1,GRAND LARCENY,
-73.89701029,40.65112891,2014,2,1012828,176517,1,ROBBERY,
-73.98477688,40.7012387,2014,2,988471,194757,1,FELONY ASSAULT,
-73.93668769,40.69350126,2014,2,1001807,191944,1,GRAND LARCENY OF MOTOR VEHICLE,
-73.9987623,40.73726741,2014,2,984593,207883,1,GRAND LARCENY,
-73.97812338,40.76559662,2014,2,990310,218205,1,GRAND LARCENY,
-73.94583823,40.81994261,2014,2,999241,238009,1,BURGLARY,
-73.94235909,40.79893555,2014,2,1000209,230356,1,ROBBERY,
-74.00205304,40.73145675,2014,2,983681,205766,3,GRAND LARCENY,
-73.95251715,40.81688244,2014,2,997393,236893,1,BURGLARY,
-73.95504972,40.74733462,2014,1,996705,211554,1,GRAND LARCENY,
-73.97864485,40.74924078,2014,2,990167,212246,1,GRAND LARCENY,
-73.96498393,40.76374342,2014,2,993950,217531,1,GRAND LARCENY,
-73.99422591,40.74350335,2014,2,985850,210155,3,GRAND LARCENY,
-73.98463762,40.72651244,2014,2,988508,203965,1,GRAND LARCENY,
-73.95309651,40.78425611,2014,2,997239,225006,1,GRAND LARCENY,
-73.97037854,40.76057201,2014,2,992456,216375,1,GRAND LARCENY,
-74.00890221,40.73814539,2014,2,981783,208203,1,GRAND LARCENY,
-73.98048263,40.74672143,2014,2,989658,211328,1,GRAND LARCENY,
-73.95763308,40.78247653,2014,2,995983,224357,1,GRAND LARCENY,
-73.96802706,40.76379645,2014,2,993107,217550,1,GRAND LARCENY,
-73.99062327,40.75099078,2014,1,986848,212883,2,GRAND LARCENY,
-73.9789524,40.72395617,2014,2,990084,203034,1,GRAND LARCENY,
-73.80784485,40.68110008,2014,2,1037546,187478,1,BURGLARY,
-73.9007924,40.69359943,2014,2,1011761,191989,1,BURGLARY,
-73.7929891,40.69895379,2014,2,1041651,193992,1,ROBBERY,
-73.78215054,40.68279998,2014,2,1044671,188114,1,GRAND LARCENY OF MOTOR VEHICLE,
-73.8304887,40.70454584,2014,2,1031249,196007,1,BURGLARY,
-73.78944066,40.68060126,2014,2,1042651,187308,1,GRAND LARCENY OF MOTOR VEHICLE,
-73.8311703,40.66042455,2014,2,1031091,179932,3,FELONY ASSAULT,
-73.85202936,40.74127302,2014,2,1025254,209377,1,GRAND LARCENY OF MOTOR VEHICLE,
-73.74914301,40.69879247,2014,2,1053809,193965,1,BURGLARY,
-73.98878575,40.75351579,2014,1,987357,213803,1,GRAND LARCENY,
-73.84821675,40.78168171,2014,2,1026285,224101,1,BURGLARY,
-73.83057958,40.68865374,2014,2,1031235,190217,1,FELONY ASSAULT,
-73.84194175,40.69011092,2014,2,1028083,190742,1,GRAND LARCENY,
-73.74886705,40.70886245,2014,2,1053875,197634,1,FELONY ASSAULT,
-73.83547472,40.58261856,2014,2,1029950,151583,1,GRAND LARCENY,
-73.82702093,40.67741133,2014,2,1032230,186123,1,FELONY ASSAULT,
-73.8344567,40.69848293,2014,2,1030153,193796,1,FELONY ASSAULT,
-73.82238394,40.68983811,2014,2,1033507,190653,1,ROBBERY,
-73.82562867,40.69282115,2014,2,1032605,191738,1,GRAND LARCENY,
-73.79946596,40.67745444,2014,2,1039873,186155,1,BURGLARY,
-73.98493936,40.73234783,2014,6,988424,206091,1,GRAND LARCENY,
-73.98143431,40.76359354,2014,1,989393,217475,1,GRAND LARCENY,
-73.83913724,40.69571735,2014,2,1028857,192786,1,BURGLARY,
-73.82729702,40.58054247,2014,2,1032223,150831,1,FELONY ASSAULT,
-73.81114474,40.68459965,2014,2,1036628,188751,1,GRAND LARCENY,
-73.79388803,40.69515389,2014,2,1041405,192607,1,GRAND LARCENY,
-73.74081613,40.69964137,2014,2,1056117,194281,1,BURGLARY,
-74.21688536,40.54933312,2014,2,923976,139488,1,FELONY ASSAULT,
-74.15777622,40.58006438,2014,2,940423,150649,1,FELONY ASSAULT,
-73.87761065,40.83006504,2014,2,1018120,241716,1,GRAND LARCENY,
-73.8892956,40.83291489,2014,2,1014885,242750,1,BURGLARY,
-73.88143733,40.83008002,2014,2,1017061,241720,1,FELONY ASSAULT,
-74.0002126,40.64447775,2014,1,984191,174077,1,ROBBERY,
-73.89946271,40.83166438,2014,2,1012072,242291,1,GRAND LARCENY OF MOTOR VEHICLE,
-73.87633007,40.83276173,2014,2,1018473,242699,1,GRAND LARCENY,
-73.90010866,40.8322578,2014,2,1011893,242507,1,BURGLARY,
-73.82713512,40.84198661,2014,2,1032080,246083,1,GRAND LARCENY OF MOTOR VEHICLE,
-73.91132724,40.83625778,2014,2,1008787,243961,1,ROBBERY,
-73.91694073,40.83529582,2014,2,1007234,243609,1,GRAND LARCENY,
-73.90383502,40.83675955,2014,2,1010860,244146,1,BURGLARY,
-73.87499935,40.83516467,2014,2,1018840,243575,1,FELONY ASSAULT,
-73.90673983,40.83728892,2014,2,1010056,244338,1,ROBBERY,
-73.96019937,40.65138223,2014,2,995294,176595,1,BURGLARY,
-73.95536877,40.8044198,2014,1,996606,232352,1,ROBBERY,
-73.93233667,40.67065952,2014,2,1003020,183623,1,FELONY ASSAULT,
-73.95153938,40.63649668,2014,2,997700,171173,1,GRAND LARCENY,
-73.93000524,40.67321901,2014,2,1003666,184556,1,GRAND LARCENY OF MOTOR VEHICLE,
-73.92019903,40.66467636,2014,2,1006389,181446,1,ROBBERY,
-73.98373868,40.68449821,2014,2,988760,188658,1,GRAND LARCENY,
-73.97639644,40.67774754,2014,2,990797,186199,1,FELONY ASSAULT,
-73.90957852,40.69505316,2014,2,1009324,192516,1,ROBBERY,
-73.90287626,40.62956273,2014,2,1011209,168658,1,FELONY ASSAULT,
-73.93992771,40.67555218,2014,2,1000913,185404,1,GRAND LARCENY,
-73.90746103,40.67733671,2014,2,1009918,186062,1,FELONY ASSAULT,
-73.95536877,40.8044198,2014,1,996606,232352,1,GRAND LARCENY,
-73.92527204,40.71167575,2014,2,1004967,198568,1,GRAND LARCENY,
-73.94961315,40.63466233,2014,2,998235,170505,1,GRAND LARCENY,
-73.92718348,40.67563815,2014,2,1004448,185438,1,BURGLARY,
-73.93703439,40.6929525,2014,2,1001711,191744,1,FELONY ASSAULT,
-73.98756611,40.75178922,2014,2,987695,213174,1,GRAND LARCENY,
-73.98596253,40.75690798,2014,2,988139,215039,1,FELONY ASSAULT,
-73.94652809,40.79323127,2014,2,999056,228277,1,GRAND LARCENY,
-73.92796318,40.86163045,2014,2,1004176,253201,1,BURGLARY,
-74.00077939,40.73390783,2014,2,984034,206659,1,GRAND LARCENY,
-73.96764492,40.77018061,2014,2,993212,219876,1,GRAND LARCENY,
-73.99848787,40.74529306,2014,1,984669,210807,1,GRAND LARCENY,
-73.98836724,40.75252764,2014,2,987473,213443,1,BURGLARY,
-73.9932911,40.74478509,2014,2,986109,210622,1,FELONY ASSAULT,
-73.95717141,40.77043795,2014,2,996113,219971,1,ROBBERY,
-74.00273455,40.72099922,2014,2,983492,201956,1,GRAND LARCENY,
-73.9982607,40.73795633,2014,2,984732,208134,1,GRAND LARCENY,
-73.98638433,40.724111,2014,2,988024,203090,1,GRAND LARCENY,
-73.82710254,40.76413501,2014,2,1032145,217719,1,GRAND LARCENY,
-73.76444266,40.68107156,2014,2,1049584,187497,1,ROBBERY,
-73.79546372,40.66818924,2014,2,1040991,182782,1,BURGLARY,
-73.82716662,40.76030893,2014,2,1032130,216325,1,GRAND LARCENY,
-73.99072724,40.75595055,2014,1,986819,214690,1,GRAND LARCENY,
-73.81981895,40.76100307,2014,2,1034165,216582,1,GRAND LARCENY,
-73.81578762,40.69285248,2014,2,1035334,191755,1,GRAND LARCENY,
-73.74578361,40.67090085,2014,2,1054770,183806,1,GRAND LARCENY OF MOTOR VEHICLE,
-73.83768919,40.66985403,2014,2,1029276,183364,1,GRAND LARCENY OF MOTOR VEHICLE,
-73.81115369,40.6941707,2014,2,1036618,192238,1,GRAND LARCENY,
-73.93712619,40.76003716,2014,2,1001668,216185,1,FELONY ASSAULT,
-73.80606829,40.66838602,2014,2,1038049,182847,1,GRAND LARCENY OF MOTOR VEHICLE,
-73.81727961,40.71161263,2014,2,1034906,198589,1,ROBBERY,
-73.91342066,40.8493681,2014,2,1008203,248737,1,GRAND LARCENY,
-73.91632614,40.84986155,2014,2,1007399,248916,3,BURGLARY,
-73.98979219,40.75723227,2014,1,987078,215157,1,ROBBERY,
-73.92017749,40.85134916,2014,2,1006333,249457,1,FELONY ASSAULT,
-73.91989789,40.85240842,2014,2,1006410,249843,1,FELONY ASSAULT,
-73.86122618,40.83912875,2014,2,1022649,245025,1,ROBBERY,
-73.87852552,40.82377237,2014,2,1017870,239423,1,BURGLARY,
-73.91660826,40.84683434,2014,2,1007322,247813,1,FELONY ASSAULT,
-73.87964058,40.82854661,2014,2,1017559,241162,1,ROBBERY,
-73.87964058,40.82854661,2014,2,1017559,241162,1,FELONY ASSAULT,
-73.84646485,40.84145678,2014,2,1026732,245880,1,GRAND LARCENY,
-73.92417488,40.80733212,2014,2,1005241,233419,1,ROBBERY,
-73.82954039,40.87793484,2014,2,1031389,259179,1,FELONY ASSAULT,
-73.86557681,40.7106581,2014,1,1021517,198217,1,ROBBERY,
-73.95121417,40.65256451,2014,2,997787,177027,1,ROBBERY,
-74.00162081,40.61399411,2014,2,983800,162971,1,GRAND LARCENY,
-73.961688,40.64466899,2014,2,994882,174149,1,FELONY ASSAULT,
-73.95489036,40.65755603,2014,2,996766,178845,1,FELONY ASSAULT,
-74.03270155,40.63024687,2014,2,975173,168894,1,GRAND LARCENY OF MOTOR VEHICLE,
-73.95827034,40.71632834,2014,2,995818,200257,1,BURGLARY,
-73.95697211,40.66540689,2014,2,996187,181705,2,FELONY ASSAULT,
-73.91180575,40.67701899,2014,2,1008713,185945,1,FELONY ASSAULT,
-73.99589165,40.59276305,2014,2,985391,155236,1,FELONY ASSAULT,
-73.91521276,40.67978554,2014,2,1007767,186952,1,FELONY ASSAULT,
-73.85399664,40.6866849,2014,1,1024742,189488,1,ROBBERY,
-73.96310574,40.64181213,2014,2,994489,173108,1,ROBBERY,
-73.92797275,40.67921783,2014,2,1004228,186742,1,GRAND LARCENY,
-73.98327147,40.60657921,2014,2,988895,160270,1,BURGLARY,
-73.98467875,40.57899417,2014,2,988506,150220,1,GRAND LARCENY,
-73.94652057,40.63174597,2014,2,999094,169443,1,GRAND LARCENY,
-73.95883639,40.61168112,2014,2,995679,162131,1,GRAND LARCENY,
-73.9676006,40.60896383,2014,2,993246,161140,1,GRAND LARCENY,
-73.97584899,40.67621859,2014,2,990949,185642,1,GRAND LARCENY,
-73.93381594,40.62941178,2014,2,1002621,168595,1,GRAND LARCENY,
-73.92665871,40.66109324,2014,2,1004598,180139,1,GRAND LARCENY,
-73.72668164,40.72798964,2014,1,1060004,204621,1,GRAND LARCENY OF MOTOR VEHICLE,
-73.90557082,40.67045677,2014,2,1010445,183556,1,BURGLARY,
-73.89958492,40.65730969,2014,2,1012111,178768,1,RAPE,
-73.94020316,40.67794577,2014,2,1000836,186276,1,BURGLARY,
-73.94912617,40.77721418,2014,2,998340,222441,1,ROBBERY,
-73.94267306,40.84117418,2014,2,1000112,245745,1,GRAND LARCENY,
-73.95478271,40.77915981,2014,2,996773,223149,1,GRAND LARCENY,
-73.94784628,40.80706804,2014,2,998688,233318,2,ROBBERY,
-73.94504,40.81090935,2014,2,999464,234718,1,FELONY ASSAULT,
-73.98844213,40.77853132,2014,2,987451,222917,1,GRAND LARCENY,
-73.94714605,40.78818399,2014,2,998886,226438,1,ROBBERY,
-73.95647762,40.77138737,2014,6,996305,220317,1,GRAND LARCENY OF MOTOR VEHICLE,
-73.84046689,40.68108131,2014,1,1028498,187453,1,ROBBERY,
-73.94714605,40.78818399,2014,2,998886,226438,1,BURGLARY,
-74.00609856,40.73994613,2014,2,982560,208859,3,GRAND LARCENY,
-73.98088378,40.7448084,2014,2,989547,210631,1,GRAND LARCENY,
-73.9888165,40.72088343,2014,2,987350,201914,1,BURGLARY,
-73.94615444,40.79529513,2014,2,999159,229029,1,GRAND LARCENY,
-73.94280861,40.79700074,2014,2,1000085,229651,1,BURGLARY,
-73.9354276,40.83288133,2014,2,1002119,242725,1,BURGLARY,
-73.97809118,40.76469634,2014,2,990319,217877,1,GRAND LARCENY,
-73.90470544,40.70340705,2014,2,1010672,195561,1,GRAND LARCENY,
-73.79146753,40.70346071,2014,2,1042069,195635,1,FELONY ASSAULT,
-73.93956821,40.65852888,2014,1,1001017,179202,1,GRAND LARCENY,
-73.80531873,40.70782994,2014,2,1038225,197218,1,GRAND LARCENY,
-73.80621803,40.76821616,2014,2,1037927,219218,1,BURGLARY,
-73.76776277,40.69674552,2014,2,1048648,193205,1,FELONY ASSAULT,
-73.7938807,40.69752262,2014,2,1041405,193470,1,FELONY ASSAULT,
-73.83866049,40.78245098,2014,2,1028931,224386,1,GRAND LARCENY OF MOTOR VEHICLE,
-73.81257409,40.73023927,2014,2,1036196,205378,1,ROBBERY,
-73.81331383,40.73021028,2014,2,1035991,205367,1,GRAND LARCENY,
-74.08198178,40.61486792,2014,2,961489,163300,1,GRAND LARCENY OF MOTOR VEHICLE,
-74.13877682,40.63612945,2014,2,945733,171066,1,RAPE,
-74.14130665,40.61766215,2014,2,945020,164339,1,BURGLARY,
-73.8896342,40.85317391,2014,1,1014782,250131,1,FELONY ASSAULT,
-74.08693669,40.6443351,2014,2,960124,174037,1,BURGLARY,
-73.89106846,40.86911376,2014,2,1014378,255938,1,FELONY ASSAULT,
-73.90257063,40.85371804,2014,2,1011203,250325,1,GRAND LARCENY,
-73.90481856,40.84899628,2014,2,1010583,248604,1,BURGLARY,
-73.88088132,40.83991101,2014,2,1017210,245302,1,GRAND LARCENY,
-73.92070621,40.82627385,2014,2,1006195,240321,1,BURGLARY,
-73.92070621,40.82627385,2014,2,1006195,240321,1,FELONY ASSAULT,
-73.86765893,40.85556339,2014,2,1020860,251010,1,GRAND LARCENY,
-73.86866763,40.85549044,2014,2,1020581,250983,1,BURGLARY,
-73.86364917,40.84892203,2014,2,1021973,248592,1,FELONY ASSAULT,
-73.88601586,40.85737254,2014,1,1015781,251662,1,GRAND LARCENY,
-73.93047641,40.8091284,2014,2,1003496,234072,1,GRAND LARCENY,
-73.86546402,40.84874575,2014,2,1021471,248527,1,BURGLARY,
-73.90413597,40.88121024,2014,2,1010759,260341,1,BURGLARY,
-73.90223629,40.85246891,2014,2,1011296,249870,1,GRAND LARCENY,
-73.88475934,40.84399359,2014,2,1016135,246788,1,FELONY ASSAULT,
-73.85206427,40.8295685,2014,2,1025190,241546,1,GRAND LARCENY OF MOTOR VEHICLE,
-73.83018098,40.88197323,2014,2,1031209,260650,1,FELONY ASSAULT,
-73.85235045,40.83413059,2014,2,1025108,243208,1,FELONY ASSAULT,
-73.91068384,40.85251145,2014,2,1008959,249883,1,GRAND LARCENY,
-73.94880676,40.5962184,2014,2,998467,156499,1,GRAND LARCENY,
-73.87325109,40.76265797,2014,1,1019362,217159,1,GRAND LARCENY OF MOTOR VEHICLE,
-73.94750105,40.63108493,2014,2,998822,169202,2,GRAND LARCENY,
-73.99788244,40.60438732,2014,2,984838,159471,1,GRAND LARCENY,
-73.98476394,40.61585408,2014,2,988480,163649,1,BURGLARY,
-73.87972549,40.67362208,2014,2,1017613,184718,1,GRAND LARCENY,
-73.96118541,40.65999569,2014,2,995019,179733,1,BURGLARY,
-73.95823415,40.73377949,2014,2,995825,206615,1,FELONY ASSAULT,
-73.94235888,40.70741472,2014,2,1000231,197012,1,ROBBERY,
-73.96329363,40.71946457,2014,2,994425,201399,1,FELONY ASSAULT,
-73.98718584,40.68348582,2014,2,987804,188289,1,GRAND LARCENY,
-73.90651505,40.68862795,2014,2,1010176,190176,1,BURGLARY,
-73.90336325,40.63907658,2014,1,1011070,172124,1,ROBBERY,
-73.93783923,40.59938323,2014,2,1001512,157654,1,GRAND LARCENY,
-73.93633034,40.62211205,2014,2,1001925,165935,1,GRAND LARCENY,
-73.93735349,40.70642399,2014,2,1001619,196652,1,RAPE,
-73.97077097,40.59840271,2014,2,992367,157292,1,GRAND LARCENY,
-73.92298534,40.70525972,2014,2,1005603,196231,1,GRAND LARCENY,
-73.9986243,40.60483199,2014,2,984632,159633,1,ROBBERY,
-73.94696651,40.59648655,2014,2,998978,156597,1,GRAND LARCENY OF MOTOR VEHICLE,
-73.93463583,40.59784711,2014,2,1002402,157095,1,GRAND LARCENY,
-73.94504655,40.60171449,2014,2,999510,158502,1,GRAND LARCENY,
-73.96644672,40.59022751,2014,2,993569,154314,1,GRAND LARCENY,
-73.8959889,40.63822749,2014,1,1013117,171817,1,GRAND LARCENY,
-73.95995315,40.64730065,2014,2,995363,175108,1,RAPE,
-73.94105874,40.65218921,2014,2,1000605,176892,1,GRAND LARCENY OF MOTOR VEHICLE,
-73.98503668,40.68460269,2014,2,988400,188696,1,ROBBERY,
-73.97040551,40.67551191,2014,2,992459,185385,1,GRAND LARCENY OF MOTOR VEHICLE,
-73.95552786,40.66362224,2014,2,996588,181055,1,BURGLARY,
-73.93209801,40.61826418,2014,2,1003101,164534,1,ROBBERY,
-73.98925168,40.68440828,2014,2,987231,188625,1,GRAND LARCENY,
-73.95561091,40.7229779,2014,2,996554,202680,1,GRAND LARCENY,
-74.00013352,40.74048152,2014,2,984213,209054,2,BURGLARY,
-73.99155789,40.75225618,2014,2,986589,213344,2,GRAND LARCENY,
-73.86070069,40.88124833,2014,1,1022770,260371,1,ROBBERY,
-73.93446084,40.84583032,2014,2,1002383,247443,1,GRAND LARCENY,
-73.94857475,40.80863286,2014,2,998486,233888,1,FELONY ASSAULT,
-73.95713398,40.77249374,2014,2,996123,220720,1,GRAND LARCENY,
-73.99566052,40.71415922,2014,2,985453,199464,1,GRAND LARCENY,
-73.99989897,40.72942565,2014,2,984278,205026,1,BURGLARY,
-73.9311887,40.85741381,2014,2,1003285,251664,1,GRAND LARCENY,
-74.01209188,40.71681834,2014,2,980898,200433,3,GRAND LARCENY,
-73.98930881,40.75534933,2014,2,987212,214471,1,GRAND LARCENY,
-73.98155208,40.75546088,2014,2,989361,214512,1,GRAND LARCENY,
-73.9832678,40.77930196,2014,2,988884,223198,1,FELONY ASSAULT,
-73.95298687,40.67872299,2014,1,997290,186557,1,ROBBERY,
-73.98768438,40.75634551,2014,2,987662,214834,9,GRAND LARCENY,
-73.98070374,40.78076999,2014,2,989594,223733,1,GRAND LARCENY,
-74.00358624,40.72660399,2014,2,983256,203998,1,BURGLARY,
-73.94656945,40.82269041,2014,2,999038,239010,1,GRAND LARCENY,
-73.92932698,40.85741269,2014,2,1003800,251664,1,FELONY ASSAULT,
-74.00148303,40.73480536,2014,2,983839,206986,1,BURGLARY,
-73.99598826,40.72265976,2014,2,985362,202561,2,ROBBERY,
-73.98221141,40.77345277,2014,2,989177,221067,1,GRAND LARCENY,
-73.92093789,40.86544921,2014,2,1006118,254594,1,GRAND LARCENY,
-73.94501271,40.78710706,2014,2,999477,226046,1,ROBBERY,
-73.94714487,40.67594548,2014,1,998911,185546,1,FELONY ASSAULT,
-73.94826252,40.81065284,2014,2,998572,234624,1,FELONY ASSAULT,
-73.94909442,40.80929732,2014,2,998342,234130,2,GRAND LARCENY,
-73.96158838,40.76763163,2014,2,994890,218948,1,GRAND LARCENY,
-73.91063727,40.70690864,2014,2,1009026,196835,1,BURGLARY,
-73.7768804,40.78375049,2014,2,1046039,224897,1,FELONY ASSAULT,
-73.74312719,40.69607285,2014,2,1055480,192979,1,ROBBERY,
-73.75097448,40.70473889,2014,2,1053295,196130,1,BURGLARY,
-73.87620223,40.76940776,2014,2,1018541,219617,1,GRAND LARCENY OF MOTOR VEHICLE,
-74.08369399,40.6417821,2014,2,961023,173106,1,BURGLARY,
-73.90148435,40.874489,2014,2,1011495,257893,1,ROBBERY,
-73.72104948,40.74266613,2014,6,1061548,209973,1,ROBBERY,
-74.13823085,40.63172746,2014,1,945882,169462,1,ROBBERY,
-73.88417289,40.85283371,2014,2,1016293,250009,1,FELONY ASSAULT,
-73.89924889,40.86070869,2014,2,1012119,252873,1,FELONY ASSAULT,
-73.87802582,40.87561387,2014,2,1017982,258311,1,ROBBERY,
-73.92093774,40.81691726,2014,2,1006134,236912,1,ROBBERY,
-73.89745047,40.86649018,2014,2,1012614,254980,1,BURGLARY,
-73.88950983,40.86929342,2014,2,1014809,256004,1,GRAND LARCENY,
-73.89289063,40.86019793,2014,2,1013878,252689,1,GRAND LARCENY,
-73.89794546,40.85963985,2014,2,1012480,252484,2,FELONY ASSAULT,
-73.89939158,40.86914876,2014,2,1012076,255948,1,ROBBERY,
-73.90615861,40.87528062,2014,2,1010202,258180,1,GRAND LARCENY,
-73.82531505,40.76297678,2014,1,1032641,217298,1,ROBBERY,
-73.93010467,40.81224892,2014,2,1003598,235209,3,FELONY ASSAULT,
-73.93744249,40.59237554,2014,2,1001624,155101,1,FELONY ASSAULT,
-73.96949929,40.59170781,2014,2,992721,154853,1,FELONY ASSAULT,
-73.91458069,40.60748466,2014,2,1007968,160611,1,GRAND LARCENY,
-73.8722849,40.68858682,2014,2,1019669,190173,1,GRAND LARCENY,
-73.93515032,40.69099168,2014,2,1002234,191030,1,BURGLARY,
-73.89485319,40.67756193,2014,2,1013415,186148,1,GRAND LARCENY,
-73.95971798,40.6488596,2014,2,995428,175676,1,GRAND LARCENY,
-73.94530761,40.68307555,2014,2,999419,188144,1,FELONY ASSAULT,
-73.9504191,40.63613938,2014,2,998011,171043,1,GRAND LARCENY,
-73.77248727,40.66919186,2014,1,1047364,183163,1,ROBBERY,
-73.95890197,40.58121388,2014,2,995666,151031,1,ROBBERY,
-73.91640568,40.67727494,2014,2,1007437,186037,1,GRAND LARCENY,
-73.95161951,40.60050974,2014,2,997685,158062,2,GRAND LARCENY,
-73.98596246,40.67155689,2014,2,988144,183943,1,BURGLARY,
-73.9371522,40.70569102,2014,2,1001675,196385,1,GRAND LARCENY,
-73.87189999,40.67872167,2014,2,1019781,186579,1,ROBBERY,
-73.94985061,40.63989949,2014,2,998168,172413,3,BURGLARY,
-73.95444228,40.64870393,2014,2,996892,175620,1,ROBBERY,
-73.98897677,40.6679451,2014,2,987308,182627,1,GRAND LARCENY,
-73.97689116,40.61299269,2014,2,990666,162607,1,BURGLARY,
-73.95829113,40.81568798,2014,1,995795,236457,1,GRAND LARCENY,
-73.94849527,40.6499201,2014,2,998542,176064,1,FELONY ASSAULT,
-74.02913196,40.63178216,2014,2,976164,169453,1,GRAND LARCENY,
-73.92684417,40.61358382,2014,2,1004561,162830,1,GRAND LARCENY,
-73.99839745,40.60331137,2014,2,984695,159079,1,FELONY ASSAULT,
-73.91934816,40.70061309,2014,2,1006613,194539,1,GRAND LARCENY,
-73.95326477,40.69888618,2014,2,997209,193903,1,FELONY ASSAULT,
-73.98127699,40.59126293,2014,2,989450,154690,1,ROBBERY,
-73.92209921,40.67960925,2014,2,1005857,186886,1,ROBBERY,
-74.00023039,40.57836664,2014,2,984186,149991,1,BURGLARY,
-73.9997077,40.7410689,2014,2,984331,209268,1,GRAND LARCENY,
-73.95093905,40.8257582,2014,1,997828,240127,1,FELONY ASSAULT,
-73.98267916,40.76575384,2014,2,989048,218262,2,GRAND LARCENY,
-73.99119107,40.74222959,2014,2,986691,209691,2,BURGLARY,
-73.94078429,40.81929511,2014,2,1000640,237774,1,FELONY ASSAULT,
-73.9762199,40.78863556,2014,2,990835,226599,2,GRAND LARCENY,
-73.98966559,40.73569695,2014,2,987114,207311,1,GRAND LARCENY,
-73.99522889,40.74721978,2014,2,985572,211509,2,GRAND LARCENY,
-73.99689017,40.72288486,2014,2,985112,202643,3,ROBBERY,
-73.96692057,40.80386926,2014,2,993408,232150,1,GRAND LARCENY,
-73.93892023,40.82693818,2014,2,1001154,240559,1,BURGLARY,
-73.93506523,40.80058674,2014,2,1002228,230959,2,FELONY ASSAULT,
-73.93976741,40.84107664,2014,1,1000916,245710,1,GRAND LARCENY,
-73.93419712,40.80185432,2014,2,1002468,231421,1,FELONY ASSAULT,
-73.95806265,40.77122601,2014,2,995866,220258,1,GRAND LARCENY OF MOTOR VEHICLE,
-73.991955,40.75155356,2014,2,986479,213088,1,GRAND LARCENY,
-73.91810729,40.77420454,2014,2,1006932,221351,1,GRAND LARCENY,
-73.87910239,40.7628015,2014,2,1017741,217209,1,GRAND LARCENY,
-73.72907046,40.70305902,2014,2,1059370,195536,1,BURGLARY,
-73.88287486,40.76270384,2014,2,1016696,217172,1,GRAND LARCENY,
-73.81557426,40.77259566,2014,2,1035332,220808,1,GRAND LARCENY,
-73.7310752,40.75594443,2014,2,1058755,214802,1,GRAND LARCENY,
-73.92770518,40.76307006,2014,2,1004277,217292,1,GRAND LARCENY,
-73.87014855,40.87831429,2014,1,1020159,259298,1,FELONY ASSAULT,
-73.91773467,40.77188497,2014,2,1007036,220506,1,BURGLARY,
-73.87503978,40.76746323,2014,2,1018864,218909,1,BURGLARY,
-73.82604115,40.7752167,2014,2,1032431,221757,1,BURGLARY,
-73.74712079,40.59679971,2014,2,1054477,156808,1,BURGLARY,
-73.77621467,40.78198982,2014,2,1046225,224256,3,GRAND LARCENY,
-73.876187,40.7678899,2014,2,1018546,219064,1,GRAND LARCENY OF MOTOR VEHICLE,
-73.76250846,40.59953892,2014,2,1050201,157794,1,FELONY ASSAULT,
-74.11081568,40.5634281,2014,2,953460,144568,1,GRAND LARCENY,
-73.87656201,40.87915022,2014,2,1018385,259600,1,FELONY ASSAULT,
-73.9092218,40.82991036,2014,2,1009372,241649,1,GRAND LARCENY,
-73.74645248,40.65331371,2014,1,1054603,177398,1,GRAND LARCENY,
-73.87529116,40.87420566,2014,2,1018739,257799,1,GRAND LARCENY OF MOTOR VEHICLE,
-73.91281511,40.82049601,2014,2,1008381,238218,1,GRAND LARCENY,
-73.84444908,40.87816174,2014,2,1027266,259254,1,FELONY ASSAULT,
-73.92084657,40.81763357,2014,2,1006159,237173,1,GRAND LARCENY,
-73.87722093,40.87090037,2014,2,1018207,256594,1,BURGLARY,
-73.92093774,40.81691726,2014,2,1006134,236912,1,GRAND LARCENY,
-73.86039428,40.87045307,2014,2,1022861,256438,1,GRAND LARCENY OF MOTOR VEHICLE,
-73.86759394,40.87913205,2014,2,1020865,259597,1,GRAND LARCENY,
-73.88210274,40.88076441,2014,2,1016852,260186,2,GRAND LARCENY,
-73.91782488,40.80996271,2014,2,1006998,234379,1,BURGLARY,
-73.88510845,40.83647618,2014,1,1016042,244049,1,GRAND LARCENY,
-73.91782488,40.80996271,2014,2,1006998,234379,1,GRAND LARCENY,
-73.92524055,40.81371979,2014,2,1004944,235746,1,ROBBERY,
-74.00057955,40.57436471,2014,2,984089,148533,1,GRAND LARCENY OF MOTOR VEHICLE,
-73.94919684,40.66091601,2014,2,998345,180070,1,FELONY ASSAULT,
-73.91308832,40.69982902,2014,2,1008349,194255,1,FELONY ASSAULT,
-73.91780987,40.70217926,2014,2,1007039,195110,1,GRAND LARCENY,
-73.88346475,40.67726551,2014,2,1016574,186044,1,FELONY ASSAULT,
-74.03437015,40.63832155,2014,2,974711,171836,1,GRAND LARCENY,
-73.95233831,40.66303632,2014,2,997473,180842,1,GRAND LARCENY OF MOTOR VEHICLE,
-73.99194194,40.6804725,2014,2,986485,187191,1,GRAND LARCENY,
-73.9717271,40.68752886,2014,1,992091,189763,1,ROBBERY,
-73.99489825,40.68201797,2014,2,985665,187754,2,BURGLARY,
-73.98896186,40.69267276,2014,2,987311,191636,1,GRAND LARCENY,
-73.93125134,40.66742004,2014,2,1003322,182443,1,BURGLARY,
-73.98681844,40.64516593,2014,2,987908,174328,1,GRAND LARCENY OF MOTOR VEHICLE,
-73.95812442,40.65575393,2014,2,995869,178188,1,BURGLARY,
-73.91428931,40.69979973,2014,2,1008016,194244,1,GRAND LARCENY,
-73.92739274,40.67880575,2014,2,1004389,186592,1,GRAND LARCENY,
-73.90731936,40.68069895,2014,2,1009956,187287,1,BURGLARY,
-73.96562049,40.64251283,2014,2,993791,173363,1,GRAND LARCENY,
-73.94612935,40.71472036,2014,2,999184,199673,1,BURGLARY,
-73.91083575,40.77963373,2014,6,1008944,223331,1,ROBBERY,
-74.11719928,40.63456698,2014,1,951721,170488,1,FELONY ASSAULT,
-73.95833561,40.69270417,2014,2,995804,191650,1,GRAND LARCENY,
-73.90686115,40.66286027,2014,2,1010090,180788,1,FELONY ASSAULT,
-73.9457732,40.64702036,2014,2,999298,175008,1,FELONY ASSAULT,
-73.9857367,40.58100076,2014,2,988212,150951,1,GRAND LARCENY,
-73.91940567,40.69480794,2014,2,1006599,192424,1,GRAND LARCENY,
-73.94247337,40.68340354,2014,2,1000205,188264,1,FELONY ASSAULT,
-73.94395662,40.63887571,2014,2,999804,172041,1,BURGLARY,
-73.94892022,40.70678652,2014,2,998412,196782,1,GRAND LARCENY,
-73.98240989,40.69178813,2014,2,989128,191314,1,ROBBERY,
-73.95483054,40.82043229,2014,2,996752,238186,1,FELONY ASSAULT,
-73.91098516,40.86234046,2014,1,1008872,253464,1,ROBBERY,
-74.00749716,40.72621953,2014,2,982172,203858,1,GRAND LARCENY,
-73.98281935,40.78207682,2014,2,989008,224209,1,GRAND LARCENY,
-73.99121067,40.75783074,2014,2,986685,215375,2,ROBBERY,
-73.95436866,40.77215508,2014,2,996889,220597,1,GRAND LARCENY,
-73.99192922,40.72601913,2014,2,986487,203785,1,GRAND LARCENY,
-73.96834824,40.80199226,2014,2,993013,231466,1,GRAND LARCENY,
-73.99744474,40.74938271,2014,2,984958,212297,1,GRAND LARCENY,
-73.9364238,40.83031832,2014,2,1001844,241791,1,ROBBERY,
-73.97582468,40.79301332,2014,2,990944,228194,1,GRAND LARCENY,
-73.99440894,40.71266602,2014,2,985800,198920,1,FELONY ASSAULT,
-74.00405806,40.71313544,2014,1,983125,199091,1,FELONY ASSAULT,
-73.9837905,40.76799371,2014,2,988740,219078,3,GRAND LARCENY,
-73.94523738,40.80810983,2014,2,999410,233698,1,GRAND LARCENY,
-73.964618,40.80702226,2014,2,994045,233299,2,GRAND LARCENY,
-73.9039516,40.75100053,2014,2,1010862,212901,1,GRAND LARCENY,
-73.87880931,40.76119277,2014,2,1017823,216623,1,GRAND LARCENY,
-73.92123798,40.76164953,2014,2,1006069,216776,1,BURGLARY,
-73.92339373,40.76103891,2014,2,1005472,216553,1,GRAND LARCENY,
-73.93197015,40.76493085,2014,2,1003095,217969,1,GRAND LARCENY,
-73.81950285,40.79639328,2014,2,1034226,229476,1,GRAND LARCENY,
-73.86178869,40.76145906,2014,2,1022538,216727,1,BURGLARY,
-73.96307629,40.64943988,2014,1,994496,175887,1,FELONY ASSAULT,
-73.90679829,40.78008067,2014,2,1010062,223495,1,GRAND LARCENY OF MOTOR VEHICLE,
-73.86209374,40.7588327,2014,2,1022455,215770,1,FELONY ASSAULT,
-73.9209287,40.76067219,2014,2,1006155,216420,1,BURGLARY,
-73.76250846,40.59953892,2014,2,1050201,157794,1,RAPE,
-73.86051552,40.88160491,2014,2,1022821,260501,1,GRAND LARCENY,
-73.85803095,40.879988,2014,2,1023509,259913,1,RAPE,
-73.90325831,40.88542535,2014,2,1011000,261877,1,GRAND LARCENY OF MOTOR VEHICLE,
-73.92175152,40.80692977,2014,2,1005912,233273,1,GRAND LARCENY,
-73.89570263,40.85365165,2014,2,1013103,250303,1,BURGLARY,
-73.86378787,40.88180369,2014,2,1021916,260572,1,RAPE,
-73.97944283,40.6427961,2014,1,989955,173465,1,BURGLARY,
-73.89245777,40.8618471,2014,2,1013997,253290,1,GRAND LARCENY,
-73.84933522,40.81559159,2014,2,1025954,236455,1,FELONY ASSAULT,
-73.89347165,40.85858184,2014,2,1013718,252100,1,ROBBERY,
-73.9127997,40.8901593,2014,2,1008360,263599,1,GRAND LARCENY,
-73.91861545,40.8163173,2014,2,1006777,236694,1,ROBBERY,
-73.83790847,40.88370251,2014,2,1029071,261276,1,FELONY ASSAULT,
-73.93885394,40.58451245,2014,2,1001234,152236,1,GRAND LARCENY,
-73.93643088,40.61488232,2014,2,1001899,163301,1,FELONY ASSAULT,
-73.91288439,40.6571778,2014,2,1008421,178716,1,FELONY ASSAULT,
-73.90319263,40.65733749,2014,2,1011110,178777,1,ROBBERY,
-73.88892276,40.84628127,2014,1,1014982,247620,1,ROBBERY,
-73.95310909,40.70999144,2014,2,997250,197949,1,FELONY ASSAULT,
-73.98856893,40.6919481,2014,2,987420,191372,1,GRAND LARCENY,
-73.94703654,40.57630132,2014,2,998963,149243,1,GRAND LARCENY,
-74.00675345,40.65024159,2014,2,982376,176177,1,FELONY ASSAULT,
-73.95633367,40.72112272,2014,2,996354,202004,1,BURGLARY,
-73.95633367,40.72112272,2014,2,996354,202004,1,GRAND LARCENY,
-73.97094661,40.61680935,2014,2,992316,163998,1,FELONY ASSAULT,
-73.97802348,40.64165126,2014,2,990349,173048,1,BURGLARY,
-73.93955885,40.5853143,2014,2,1001038,152528,1,GRAND LARCENY,
-73.9231212,40.69378669,2014,2,1005569,192051,1,FELONY ASSAULT,
-73.82337681,40.87994841,2014,1,1033092,259916,1,ROBBERY,
-73.94224972,40.72932608,2014,2,1000256,204995,1,GRAND LARCENY OF MOTOR VEHICLE,
-73.98777566,40.69163237,2014,2,987640,191257,1,GRAND LARCENY,
-73.92835156,40.70583136,2014,2,1004115,196438,1,FELONY ASSAULT,
-73.94464988,40.65449936,2014,2,999608,177733,1,GRAND LARCENY,
-73.94676256,40.66260569,2014,2,999020,180686,1,GRAND LARCENY,
-73.99747628,40.67909213,2014,2,984950,186688,1,ROBBERY,
-73.93223426,40.65081745,2014,2,1003054,176394,1,FELONY ASSAULT,
-73.96277437,40.63510102,2014,2,994582,170663,1,ROBBERY,
-73.98127463,40.68955645,2014,2,989443,190501,1,GRAND LARCENY,
-73.98127463,40.68955645,2014,2,989443,190501,2,FELONY ASSAULT,
-73.8262398,40.84299257,2014,1,1032327,246450,1,ROBBERY,
-73.93748383,40.83666193,2014,2,1001549,244102,1,FELONY ASSAULT,
-73.97111403,40.76264722,2014,2,992252,217131,1,GRAND LARCENY,
-73.99086513,40.75065594,2014,2,986781,212761,1,GRAND LARCENY,
-73.92629588,40.8622497,2014,2,1004637,253427,1,ROBBERY,
-74.01134551,40.71892091,2014,2,981105,201199,1,GRAND LARCENY,
-73.99619352,40.72936521,2014,2,985305,205004,1,GRAND LARCENY,
-73.94465202,40.83437101,2014,2,999566,243266,1,GRAND LARCENY,
-73.96325997,40.79362482,2014,2,994423,228418,1,GRAND LARCENY,
-73.99703068,40.72711727,2014,2,985073,204185,1,GRAND LARCENY,
-73.94982073,40.79462158,2014,2,998144,228783,1,GRAND LARCENY,
-73.91587797,40.82410485,2014,1,1007532,239532,1,GRAND LARCENY OF MOTOR VEHICLE,
-74.00281779,40.72723805,2014,2,983469,204229,1,BURGLARY,
-73.97872073,40.72637152,2014,2,990148,203914,1,BURGLARY,
-73.98453038,40.73773573,2014,2,988537,208054,1,GRAND LARCENY,
-73.94508254,40.8337811,2014,2,999447,243051,1,ROBBERY,
-73.94791149,40.82990963,2014,2,998665,241640,1,ROBBERY,
-73.9806355,40.7422777,2014,2,989616,209709,1,GRAND LARCENY,
-73.98991378,40.7647117,2014,2,987044,217882,2,GRAND LARCENY,
-73.93150365,40.79731297,2014,2,1003215,229767,1,ROBBERY,
-73.93960095,40.84130985,2014,2,1000962,245795,1,GRAND LARCENY,
-74.0129369,40.70288309,2014,2,980663,195356,1,GRAND LARCENY,
-73.86944488,40.67314427,2014,1,1020465,184548,1,GRAND LARCENY,
-73.96502143,40.75421917,2014,2,993941,214061,1,BURGLARY,
-73.97911142,40.73457566,2014,2,990039,206903,1,FELONY ASSAULT,
-73.99461148,40.75061226,2014,2,985743,212745,1,GRAND LARCENY,
-73.94645422,40.75486254,2014,2,999085,214298,1,GRAND LARCENY,
-73.91446895,40.74530523,2014,2,1007950,210823,2,GRAND LARCENY,
-73.86377183,40.75196734,2014,2,1021994,213268,1,FELONY ASSAULT,
-73.92855384,40.75602483,2014,2,1004044,214725,1,ROBBERY,
-73.9335171,40.73049613,2014,2,1002676,205423,1,GRAND LARCENY OF MOTOR VEHICLE,
-73.8382742,40.58171675,2014,2,1029173,151253,1,ROBBERY,
-73.76070348,40.76656885,2014,2,1050536,218649,1,BURGLARY,
-73.93439205,40.8056394,2014,6,1002413,232800,1,ROBBERY,
-73.88045834,40.88222015,2014,1,1017306,260717,1,FELONY ASSAULT,
-73.94511404,40.75617389,2014,2,999456,214776,1,GRAND LARCENY,
-73.88504708,40.74859253,2014,2,1016101,212030,1,ROBBERY,
-73.79328547,40.7627179,2014,2,1041514,217223,1,GRAND LARCENY,
-73.80018688,40.7605233,2014,2,1039604,216419,1,ROBBERY,
-73.7846757,40.59642332,2014,2,1044048,156643,1,GRAND LARCENY OF MOTOR VEHICLE,
-73.7846757,40.59642332,2014,2,1044048,156643,1,FELONY ASSAULT,
-73.93936123,40.74744546,2014,2,1001052,211597,1,FELONY ASSAULT,
-74.06773456,40.59170837,2014,2,965438,154859,1,FELONY ASSAULT,
-74.16910777,40.55257819,2014,2,937256,140641,1,GRAND LARCENY,
-74.07743982,40.63968947,2014,2,962758,172342,1,GRAND LARCENY,
-73.91238422,40.77731012,2014,1,1008516,222484,1,GRAND LARCENY,
-73.84525724,40.90381743,2014,2,1027026,268601,1,BURGLARY,
-73.85141488,40.90515395,2014,2,1025323,269085,1,GRAND LARCENY OF MOTOR VEHICLE,
-73.85330412,40.90148672,2014,2,1024803,267748,1,BURGLARY,
-73.92146429,40.80850505,2014,2,1005991,233847,1,BURGLARY,
-73.91044148,40.8150569,2014,2,1009040,236237,1,ROBBERY,
-73.89924927,40.84614529,2014,2,1012125,247567,1,FELONY ASSAULT,
-73.90424235,40.83246167,2014,2,1010749,242580,1,ROBBERY,
-73.90906511,40.82558182,2014,2,1009417,240072,2,FELONY ASSAULT,
-73.89861986,40.86307956,2014,2,1012292,253737,1,GRAND LARCENY,
-73.90978873,40.85418776,2014,2,1009206,250494,1,GRAND LARCENY,
-73.93742024,40.80437577,2014,1,1001575,232339,1,GRAND LARCENY,
-74.00280735,40.65060407,2014,2,983471,176309,1,GRAND LARCENY,
-73.8713973,40.68887403,2014,2,1019915,190278,1,GRAND LARCENY,
-73.95326452,40.65808786,2014,2,997217,179039,1,GRAND LARCENY,
-73.94401052,40.66052384,2014,2,999784,179928,1,FELONY ASSAULT,
-73.92946561,40.70283201,2014,2,1003807,195345,1,GRAND LARCENY,
-73.99381154,40.69767683,2014,2,985966,193459,1,RAPE,
-73.97889431,40.66813857,2014,2,990105,182698,1,GRAND LARCENY,
-74.01286825,40.64618977,2014,2,980679,174701,1,ROBBERY,
-74.00805024,40.64556166,2014,2,982016,174472,1,GRAND LARCENY,
-73.99228212,40.63831544,2014,2,986392,171832,1,GRAND LARCENY,
-73.95037429,40.59949637,2014,1,998031,157693,1,GRAND LARCENY,
-73.9715823,40.60425756,2014,2,992141,159425,1,ROBBERY,
-74.01635926,40.64282697,2014,2,979710,173476,1,ROBBERY,
-73.90415226,40.67425437,2014,2,1010837,184940,1,GRAND LARCENY,
-73.96494924,40.65131515,2014,2,993976,176570,1,ROBBERY,
-73.94351841,40.66280451,2014,2,999920,180759,1,GRAND LARCENY,
-73.97502272,40.59141545,2014,2,991187,154746,1,ROBBERY,
-73.91390473,40.65689312,2014,2,1008138,178612,1,BURGLARY,
-73.92100034,40.63331227,2014,2,1006177,170019,1,RAPE,
-73.97647552,40.73971608,2014,2,990769,208776,1,FELONY ASSAULT,
-73.93801726,40.82654795,2014,2,1001404,240417,1,BURGLARY,
-73.92272865,40.66223249,2014,1,1005688,180555,1,GRAND LARCENY,
-74.00249991,40.71693972,2014,2,983557,200477,1,GRAND LARCENY,
-73.97652529,40.76234653,2014,2,990753,217021,1,FELONY ASSAULT,
-73.97445076,40.75942568,2014,2,991328,215957,1,GRAND LARCENY,
-73.96956875,40.76323145,2014,2,992680,217344,1,BURGLARY,
-73.97713312,40.78987087,2014,2,990582,227049,1,BURGLARY,
-73.9918572,40.75439985,2014,2,986506,214125,2,GRAND LARCENY,
-73.95019279,40.77039671,2014,2,998046,219957,2,BURGLARY,
-73.99727466,40.76038365,2014,2,985005,216305,1,GRAND LARCENY,
-73.97839117,40.74133311,2014,2,990238,209365,3,GRAND LARCENY,
-73.97924339,40.77425373,2014,2,989999,221359,1,BURGLARY,
-73.88993487,40.63652283,2014,1,1014798,171198,1,GRAND LARCENY OF MOTOR VEHICLE,
-74.00635054,40.73339714,2014,2,982490,206473,3,BURGLARY,
-73.97743806,40.74255709,2014,2,990502,209811,1,BURGLARY,
-73.9506662,40.76977112,2014,2,997915,219729,2,BURGLARY,
-73.95009081,40.82458584,2014,2,998063,239700,2,BURGLARY,
-73.95246178,40.79830064,2014,2,997412,230123,1,FELONY ASSAULT,
-73.95703752,40.81568203,2014,2,996142,236455,1,GRAND LARCENY,
-73.95242506,40.78903442,2014,2,997424,226747,1,ROBBERY,
-73.92212573,40.74026031,2014,2,1005830,208983,2,BURGLARY,
-73.73842165,40.76576836,2014,2,1056709,218375,1,BURGLARY,
-73.85578169,40.74493653,2014,2,1024212,210710,1,GRAND LARCENY OF MOTOR VEHICLE,
-73.91133644,40.67207529,2014,1,1008845,184144,1,ROBBERY,
-73.77829742,40.74642462,2014,2,1045681,211297,1,BURGLARY,
-73.90848377,40.74647812,2014,2,1009608,211252,1,GRAND LARCENY,
-73.90612646,40.71364344,2014,2,1010274,199290,1,RAPE,
-73.93570833,40.7368158,2014,2,1002067,207725,1,GRAND LARCENY,
-73.88112548,40.7396736,2014,2,1017192,208782,1,BURGLARY,
-73.72892876,40.76096779,2014,2,1059344,216634,1,BURGLARY,
-73.72403796,40.76086286,2014,2,1060699,216600,1,BURGLARY,
-73.85960243,40.8858718,2014,2,1023071,262056,1,ROBBERY,
-73.86261067,40.87921954,2014,2,1022243,259631,1,GRAND LARCENY,
-73.86658032,40.87427003,2014,2,1021148,257826,1,FELONY ASSAULT,
-73.84636823,40.8770335,2014,1,1026736,258842,1,GRAND LARCENY OF MOTOR VEHICLE,
-73.85810551,40.82132821,2014,2,1023523,238541,1,ROBBERY,
-73.85184721,40.89946203,2014,2,1025207,267011,1,BURGLARY,
-73.90732328,40.81537283,2014,2,1009903,236353,1,FELONY ASSAULT,
-73.86537478,40.8749795,2014,2,1021481,258085,1,ROBBERY,
-73.85644207,40.89234263,2014,2,1023941,264415,1,BURGLARY,
-73.85785881,40.88946521,2014,2,1023551,263366,1,BURGLARY,
-73.92115338,40.82091372,2014,2,1006073,238368,1,GRAND LARCENY,
-73.86944952,40.86967594,2014,2,1020357,256151,1,FELONY ASSAULT,
-73.88689499,40.85059124,2014,2,1015541,249191,1,GRAND LARCENY,
-73.9647868,40.71328109,2014,2,994012,199146,1,GRAND LARCENY,
-73.99632766,40.71759569,2014,1,985268,200716,1,GRAND LARCENY,
-73.92714502,40.58874359,2014,2,1004485,153780,1,FELONY ASSAULT,
-73.9090635,40.6866318,2014,2,1009470,189448,1,BURGLARY,
-73.94923962,40.71837779,2014,2,998321,201005,1,GRAND LARCENY,
-74.00422671,40.64233948,2014,2,983077,173298,1,BURGLARY,
-73.9790326,40.66397751,2014,2,990067,181182,1,GRAND LARCENY,
-74.02949344,40.63449392,2014,2,976064,170441,1,BURGLARY,
-73.94995711,40.67565031,2014,2,998131,185438,1,BURGLARY,
-73.94861641,40.67512821,2014,2,998503,185248,1,BURGLARY,
-73.96765667,40.6196109,2014,2,993229,165019,1,GRAND LARCENY,
-73.96045478,40.65824152,2014,2,995222,179094,1,GRAND LARCENY,
-73.88964819,40.8251367,2014,1,1014791,239916,1,ROBBERY,
-73.92857264,40.68799873,2014,2,1004059,189941,1,GRAND LARCENY,
-73.91905018,40.65197271,2014,2,1006712,176818,1,FELONY ASSAULT,
-73.94052919,40.72471402,2014,2,1000734,203315,1,BURGLARY,
-73.88465902,40.662132,2014,2,1016250,180530,1,ROBBERY,
-73.85590113,40.6646879,2014,2,1024227,181473,1,FELONY ASSAULT,
-73.89503898,40.65114359,2014,2,1013375,176523,1,FELONY ASSAULT,
-74.00219187,40.67403901,2014,2,983642,184847,1,ROBBERY,
-73.97499,40.69801463,2014,2,991185,193583,1,GRAND LARCENY,
-73.93187571,40.69843909,2014,2,1003140,193744,2,BURGLARY,
-73.97636552,40.6835939,2014,2,990805,188329,1,GRAND LARCENY,
-73.9521236,40.78138746,2014,6,997509,223961,1,ROBBERY,
-73.76409968,40.70056703,2014,1,1049660,194600,1,ROBBERY,
-73.9962803,40.72600837,2014,2,985281,203781,2,GRAND LARCENY,
-73.97788416,40.75759839,2014,2,990377,215291,1,GRAND LARCENY,
-73.98877871,40.77390648,2014,2,987358,221232,1,GRAND LARCENY,
-73.95384553,40.82371459,2014,2,997024,239382,1,FELONY ASSAULT,
-73.9867498,40.73675613,2014,2,987922,207697,1,GRAND LARCENY,
-73.97438707,40.79363881,2014,2,991342,228422,1,BURGLARY,
-73.92526049,40.86673387,2014,2,1004922,255061,1,BURGLARY,
-73.94372482,40.83683806,2014,2,999822,244165,1,ROBBERY,
-73.95281853,40.82493283,2014,2,997308,239826,1,FELONY ASSAULT,
-73.97061299,40.79371476,2014,2,992387,228450,1,FELONY ASSAULT,
-73.76160995,40.67973726,2014,1,1050371,187013,1,FELONY ASSAULT,
-73.97255156,40.76067136,2014,2,991854,216411,1,GRAND LARCENY,
-73.99967512,40.76139649,2014,2,984340,216674,2,GRAND LARCENY,
-73.99555506,40.7268702,2014,2,985482,204095,1,BURGLARY,
-73.97076561,40.75868647,2014,2,992349,215688,1,GRAND LARCENY,
-74.00775805,40.70492841,2014,2,982099,196101,1,GRAND LARCENY,
-73.98283669,40.77085359,2014,2,989004,220120,1,FELONY ASSAULT,
-73.95078067,40.80051767,2014,2,997877,230931,1,FELONY ASSAULT,
-73.98954308,40.75756985,2014,2,987147,215280,1,ROBBERY,
-73.92978416,40.85581555,2014,2,1003674,251082,1,FELONY ASSAULT,
-73.8966629,40.71254018,2014,2,1012898,198891,1,BURGLARY,
-73.98092865,40.68890314,2014,1,989539,190263,1,ROBBERY,
-73.90549266,40.72307393,2014,2,1010446,202726,1,FELONY ASSAULT,
-73.88975318,40.73123382,2014,2,1014805,205704,1,GRAND LARCENY,
-73.86558719,40.68941085,2014,2,1021526,190476,1,BURGLARY,
-73.86062056,40.67797296,2014,2,1022910,186311,1,BURGLARY,
-73.89500628,40.73833392,2014,2,1013346,208289,1,ROBBERY,
-73.86104178,40.67998813,2014,2,1022792,187045,1,GRAND LARCENY,
-73.90253652,40.74378339,2014,2,1011257,210272,1,GRAND LARCENY,
-73.81987647,40.73305882,2014,2,1034170,206401,1,BURGLARY,
-73.86661842,40.72909314,2014,2,1021218,204933,1,BURGLARY,
-73.8912703,40.69923682,2014,2,1014399,194046,1,ROBBERY,
-73.9059739,40.64023704,2014,1,1010345,172546,1,ROBBERY,
-73.79975366,40.59244317,2014,2,1039864,155183,1,BURGLARY,
-73.89604282,40.74701377,2014,2,1013055,211451,1,GRAND LARCENY,
-74.11439456,40.62519634,2014,2,952495,167073,1,ROBBERY,
-73.85575892,40.88713785,2014,2,1024133,262519,1,RAPE,
-73.86731285,40.82247274,2014,2,1020974,238954,1,GRAND LARCENY,
-73.89635907,40.81746595,2014,2,1012937,237119,1,BURGLARY,
-73.88106149,40.84425059,2014,2,1017158,246883,1,BURGLARY,
-73.85420119,40.88996293,2014,2,1024562,263549,1,GRAND LARCENY,
-73.88181344,40.87873029,2014,2,1016933,259445,1,FELONY ASSAULT,
-73.86388823,40.85044288,2014,2,1021906,249146,1,BURGLARY,
-73.91946077,40.64023904,2014,1,1006602,172543,2,FELONY ASSAULT,
-73.8864302,40.81795888,2014,2,1015685,237302,1,FELONY ASSAULT,
-73.8977557,40.81611405,2014,2,1012551,236626,1,ROBBERY,
-73.82758307,40.82951529,2014,2,1031965,241539,1,FELONY ASSAULT,
-73.87118396,40.82356953,2014,2,1019902,239352,1,GRAND LARCENY,
-73.89891017,40.81955146,2014,2,1012230,237878,1,RAPE,
-73.92646246,40.80641138,2014,2,1004608,233083,1,ROBBERY,
-73.95847284,40.66343944,2014,2,995771,180988,1,ROBBERY,
-73.91957506,40.65303806,2014,2,1006566,177206,2,FELONY ASSAULT,
-73.88358285,40.66950339,2014,2,1016545,183216,1,FELONY ASSAULT,
-74.02586644,40.61882753,2014,2,977069,164733,1,GRAND LARCENY OF MOTOR VEHICLE,
-73.9062937,40.82817611,2014,1,1010183,241018,1,ROBBERY,
-73.91925849,40.68532191,2014,2,1006643,188968,1,BURGLARY,
-73.91608333,40.68418605,2014,2,1007524,188555,1,GRAND LARCENY,
-73.93866421,40.67740973,2014,2,1001263,186081,1,GRAND LARCENY OF MOTOR VEHICLE,
-74.00383717,40.63572182,2014,2,983185,170887,1,GRAND LARCENY OF MOTOR VEHICLE,
-74.00964128,40.63369308,2014,2,981574,170148,1,GRAND LARCENY,
-73.96108675,40.66847427,2014,2,995045,182822,1,BURGLARY,
-73.94601148,40.67319469,2014,2,999226,184544,1,ROBBERY,
-73.88400389,40.66784597,2014,2,1016429,182612,1,BURGLARY,
-73.95410177,40.72985018,2014,2,996971,205184,1,ROBBERY,
-73.94418632,40.69595622,2014,2,999727,192837,1,GRAND LARCENY,
-73.92905789,40.67927614,2014,1,1003927,186763,2,GRAND LARCENY,
-73.9486964,40.67423619,2014,2,998481,184923,1,BURGLARY,
-73.99248104,40.59973466,2014,2,986338,157776,1,ROBBERY,
-73.93602752,40.66369264,2014,2,1001998,181084,1,FELONY ASSAULT,
-74.00145145,40.61055488,2014,2,983847,161718,1,FELONY ASSAULT,
-73.92477696,40.63576864,2014,2,1005128,170913,1,BURGLARY,
-73.88230688,40.66329889,2014,2,1016902,180956,1,GRAND LARCENY,
-73.89319643,40.64726901,2014,2,1013888,175112,1,BURGLARY,
-73.97510225,40.68713988,2014,2,991155,189621,1,FELONY ASSAULT,
-73.92079098,40.65792736,2014,2,1006227,178987,1,FELONY ASSAULT,
-73.87482002,40.67694352,2014,2,1018972,185930,1,FELONY ASSAULT,
-73.89585965,40.82263106,2014,7,1013073,239001,1,ROBBERY,
-73.94216108,40.69842551,2014,2,1000288,193737,1,FELONY ASSAULT,
-73.9831365,40.74171817,2014,2,988923,209505,2,GRAND LARCENY,
-73.98450973,40.76448054,2014,2,988541,217798,1,BURGLARY,
-73.98450973,40.76448054,2014,2,988541,217798,1,GRAND LARCENY,
-73.96739019,40.75217228,2014,2,993285,213315,1,GRAND LARCENY,
-73.99119592,40.73282881,2014,2,986690,206266,1,GRAND LARCENY,
-74.01453931,40.70781524,2014,2,980219,197153,2,GRAND LARCENY,
-73.98374665,40.725763,2014,2,988755,203692,1,GRAND LARCENY,
-73.98986425,40.71065105,2014,2,987060,198186,2,ROBBERY,
-73.98894184,40.74820472,2014,2,987314,211868,2,GRAND LARCENY,
-73.90657532,40.87980696,2014,7,1010085,259829,1,GRAND LARCENY,
-73.9471074,40.79592412,2014,2,998895,229258,1,ROBBERY,
-73.97584681,40.72205345,2014,2,990945,202341,1,FELONY ASSAULT,
-73.97561656,40.7203242,2014,2,991009,201711,1,GRAND LARCENY,
-73.87565754,40.75949316,2014,2,1018697,216005,1,GRAND LARCENY,
-73.858916,40.71171236,2014,2,1023363,198604,1,ROBBERY,
-73.80995698,40.70030879,2014,2,1036945,194475,1,ROBBERY,
-73.76737225,40.71564799,2014,2,1048738,200092,2,GRAND LARCENY OF MOTOR VEHICLE,
-73.87090768,40.74621158,2014,2,1020020,211168,1,BURGLARY,
-73.74017769,40.72557804,2014,2,1056266,203731,1,FELONY ASSAULT,
-73.87672912,40.74025635,2014,2,1018410,208996,1,GRAND LARCENY,
-73.99991702,40.72693341,2014,7,984273,204118,1,FELONY ASSAULT,
-73.86068575,40.68473342,2014,2,1022888,188774,1,GRAND LARCENY,
-73.85226435,40.69226007,2014,2,1025219,191520,1,GRAND LARCENY,
-73.7965478,40.70395288,2014,2,1040660,195811,1,GRAND LARCENY,
-73.88598845,40.73839946,2014,2,1015845,208316,1,GRAND LARCENY,
-73.82090938,40.69914061,2014,2,1033909,194043,1,FELONY ASSAULT,
-73.82592401,40.70677053,2014,2,1032513,196820,1,GRAND LARCENY,
-73.87219108,40.71119263,2014,2,1019683,198409,1,BURGLARY,
-73.8698786,40.70583226,2014,2,1020327,196457,2,GRAND LARCENY,
-73.85012882,40.68778332,2014,2,1025814,189890,1,GRAND LARCENY,
-73.81260416,40.58739244,2014,2,1036299,153335,1,FELONY ASSAULT,
-73.94982474,40.78451548,2014,6,998145,225101,2,GRAND LARCENY,
-73.94362442,40.81031855,2014,7,999856,234503,1,GRAND LARCENY,
-73.81227256,40.7079156,2014,2,1036297,197245,1,ROBBERY,
-73.857884,40.68481508,2014,2,1023665,188805,1,GRAND LARCENY,
-73.79515155,40.70762565,2014,2,1041044,197150,1,FELONY ASSAULT,
-73.86135659,40.69504634,2014,2,1022696,192531,1,FELONY ASSAULT,
-73.77893338,40.72879075,2014,2,1045521,204872,1,BURGLARY,
-73.8419182,40.69852087,2014,2,1028084,193806,1,BURGLARY,
-73.78726051,40.71076508,2014,2,1043229,198299,1,ROBBERY,
-73.87029574,40.70647226,2014,2,1020211,196690,1,BURGLARY,
-73.73377598,40.73405024,2014,2,1058031,206823,1,GRAND LARCENY OF MOTOR VEHICLE,
-74.08610686,40.64074279,2014,2,960353,172728,1,RAPE,
-73.79252032,40.70241411,2014,7,1041778,195253,1,ROBBERY,
-74.09166827,40.60780099,2014,2,958797,160728,1,GRAND LARCENY,
-73.84881119,40.88405216,2014,3,1026056,261398,1,GRAND LARCENY,
-73.88678394,40.82876793,2014,3,1015582,241240,1,FELONY ASSAULT,
-73.84957318,40.89092586,2014,2,1025841,263902,1,BURGLARY,
-73.91862655,40.83087803,2014,3,1006769,241999,1,GRAND LARCENY OF MOTOR VEHICLE,
-73.85501418,40.87374282,2014,3,1024347,257639,1,FELONY ASSAULT,
-73.90522943,40.82699501,2014,3,1010478,240588,1,GRAND LARCENY,
-73.91917176,40.83123249,2014,3,1006618,242128,1,FELONY ASSAULT,
-73.88039388,40.87985964,2014,3,1017325,259857,2,FELONY ASSAULT,
-73.89686248,40.82366947,2014,3,1012795,239379,1,ROBBERY,
-73.86843216,40.68031247,2014,7,1020742,187160,1,ROBBERY,
-73.89600701,40.81619208,2014,3,1013035,236655,1,GRAND LARCENY,
-73.87089397,40.82591594,2014,3,1019981,240207,1,FELONY ASSAULT,
-73.98432176,40.64287372,2014,3,988601,173493,1,ROBBERY,
-73.89064687,40.65057133,2014,3,1014594,176316,1,ROBBERY,
-73.95916148,40.66901433,2014,2,995579,183019,1,FELONY ASSAULT,
-73.95076756,40.66196245,2014,3,997909,180451,1,BURGLARY,
-73.93527261,40.66902533,2014,2,1002206,183027,1,GRAND LARCENY,
-73.92247878,40.6322181,2014,2,1005767,169620,2,FELONY ASSAULT,
-73.90707623,40.6378335,2014,2,1010040,171670,1,FELONY ASSAULT,
-73.94048335,40.69524896,2014,3,1000754,192580,1,BURGLARY,
-73.76813471,40.69245618,2014,7,1048549,191642,2,FELONY ASSAULT,
-73.89107071,40.64701724,2014,3,1014478,175021,1,BURGLARY,
-73.89341769,40.64410722,2014,3,1013828,173960,1,FELONY ASSAULT,
-73.91033692,40.65668728,2014,2,1009128,178538,1,FELONY ASSAULT,
-73.96460418,40.71074213,2014,3,994063,198221,1,ROBBERY,
-73.94719024,40.72792588,2014,3,998887,204484,1,FELONY ASSAULT,
-73.99494481,40.63855713,2014,3,985653,171920,1,ROBBERY,
-73.99130277,40.68826486,2014,2,986662,190030,1,GRAND LARCENY,
-73.94616669,40.64615868,2014,3,999189,174694,1,GRAND LARCENY,
-73.93399208,40.71358594,2014,3,1002549,199262,1,GRAND LARCENY,
-73.92701038,40.66250977,2014,3,1004500,180655,1,BURGLARY,
-73.9089197,40.6625545,2014,7,1009519,180676,1,ROBBERY,
-73.91912305,40.62753318,2014,3,1006700,167914,1,GRAND LARCENY,
-74.0170488,40.61967183,2014,3,979517,165040,1,GRAND LARCENY,
-73.8789449,40.65878298,2014,3,1017837,179312,1,GRAND LARCENY,
-73.9430531,40.80674739,2014,3,1000015,233202,1,GRAND LARCENY,
-73.99253081,40.73422599,2014,3,986320,206775,1,GRAND LARCENY,
-73.94004907,40.83733025,2014,3,1000839,244345,1,RAPE,
-74.006414,40.7179716,2014,2,982472,200853,1,BURGLARY,
-74.00575295,40.70764584,2014,3,982655,197091,1,ROBBERY,
-73.97925264,40.77932875,2014,3,989996,223208,1,GRAND LARCENY,
-73.98784068,40.77010217,2014,3,987618,219846,1,GRAND LARCENY,
-73.94061832,40.68137146,2014,7,1000720,187524,1,ROBBERY,
-73.9869469,40.74372782,2014,3,987867,210237,1,GRAND LARCENY,
-73.98853279,40.73431349,2014,3,987428,206807,2,GRAND LARCENY,
-74.0050732,40.7332682,2014,2,982844,206426,1,BURGLARY,
-73.98048538,40.78660526,2014,3,989654,225859,1,ROBBERY,
-73.98604444,40.74496285,2014,3,988117,210687,1,GRAND LARCENY,
-73.92030637,40.86446069,2014,3,1006293,254234,1,FELONY ASSAULT,
-74.00365379,40.7083678,2014,3,983237,197354,1,RAPE,
-73.93740549,40.8200591,2014,3,1001575,238053,1,RAPE,
-73.86701637,40.75748807,2014,3,1021092,215278,1,GRAND LARCENY,
-73.8147799,40.68824513,2014,3,1035617,190077,1,FELONY ASSAULT,
-73.98569458,40.74400764,2014,7,988214,210339,1,FELONY ASSAULT,
-73.85921601,40.72678696,2014,2,1023271,204096,2,BURGLARY,
-73.84027783,40.68475356,2014,3,1028548,188791,1,BURGLARY,
-73.86565642,40.7463236,2014,2,1021475,211211,3,BURGLARY,
-73.75786327,40.7067408,2014,3,1051383,196854,1,BURGLARY,
-73.83656667,40.6822012,2014,3,1029579,187863,1,GRAND LARCENY,
-73.86116426,40.7562378,2014,3,1022714,214825,1,ROBBERY,
-73.85209701,40.72543311,2014,3,1025245,203606,1,GRAND LARCENY,
-73.78066487,40.70258975,2014,3,1045065,195325,1,BURGLARY,
-73.86361058,40.7372937,2014,2,1022047,207922,1,BURGLARY,
-73.98629038,40.75990528,2014,3,988048,216131,1,BURGLARY,
-74.03809285,40.62058354,2014,7,973675,165374,1,GRAND LARCENY OF MOTOR VEHICLE,
-73.98109095,40.73964007,2014,3,989490,208748,2,GRAND LARCENY,
-73.96180949,40.76608642,2014,3,994829,218385,1,RAPE,
-73.93475685,40.81671731,2014,3,1002309,236836,1,BURGLARY,
-73.9754866,40.77940212,2014,3,991039,223235,1,GRAND LARCENY,
-73.94044141,40.83504411,2014,3,1000731,243512,1,RAPE,
-73.98141511,40.78065483,2014,3,989397,223691,1,BURGLARY,
-73.95617275,40.77381086,2014,3,996389,221200,1,GRAND LARCENY,
-73.95191181,40.7796527,2014,3,997568,223329,1,FELONY ASSAULT,
-73.97192342,40.75222013,2014,3,992029,213332,1,GRAND LARCENY,
-73.93977001,40.79828647,2014,3,1000926,230120,1,GRAND LARCENY,
-73.86488261,40.83425025,2014,7,1021640,243246,1,ROBBERY,
-73.97517986,40.78863534,2014,3,991123,226599,1,FELONY ASSAULT,
-73.96827205,40.75723109,2014,3,993040,215158,1,GRAND LARCENY,
-73.98099691,40.74040859,2014,3,989516,209028,1,GRAND LARCENY,
-73.74326084,40.69226888,2014,3,1055447,191593,1,BURGLARY,
-73.92526843,40.76958452,2014,3,1004950,219666,1,GRAND LARCENY,
-73.7844935,40.77113641,2014,3,1043942,220296,1,GRAND LARCENY OF MOTOR VEHICLE,
-73.90464265,40.70695598,2014,3,1010688,196854,1,FELONY ASSAULT,
-74.13248057,40.63522561,2014,3,947480,170734,1,GRAND LARCENY,
-74.12976724,40.6295113,2014,3,948230,168651,1,GRAND LARCENY,
-74.16465642,40.62704847,2014,3,938544,167770,1,GRAND LARCENY,
-73.92001109,40.69515695,2014,7,1006431,192551,1,GRAND LARCENY,
-73.86630273,40.86666141,2014,3,1021229,255054,1,MURDER,
-73.83548608,40.84838027,2014,3,1029765,248408,1,GRAND LARCENY OF MOTOR VEHICLE,
-73.90429006,40.86963325,2014,3,1010721,256123,1,BURGLARY,
-73.90550418,40.870153,2014,3,1010385,256312,1,BURGLARY,
-73.89199263,40.86109187,2014,3,1014126,253015,1,GRAND LARCENY,
-73.86745396,40.86227945,2014,3,1020913,253457,1,GRAND LARCENY,
-73.88814253,40.86964343,2014,3,1015187,256132,1,FELONY ASSAULT,
-73.89949417,40.87064196,2014,3,1012047,256492,1,FELONY ASSAULT,
-73.89254371,40.86235769,2014,3,1013973,253476,1,RAPE,
-73.89114255,40.86581744,2014,3,1014359,254737,1,BURGLARY,
-73.93055252,40.75695927,2014,6,1003490,215065,1,GRAND LARCENY OF MOTOR VEHICLE,
-73.9974982,40.57521832,2014,7,984945,148844,1,ROBBERY,
-73.88335955,40.87964585,2014,3,1016505,259778,1,BURGLARY,
-73.88917038,40.8712089,2014,3,1014902,256702,1,GRAND LARCENY,
-73.88503818,40.85622703,2014,3,1016052,251245,1,BURGLARY,
-73.9145255,40.83343589,2014,3,1007903,242932,1,ROBBERY,
-73.86166552,40.86247851,2014,3,1022514,253532,1,GRAND LARCENY,
-73.98747687,40.66974826,2014,3,987724,183284,1,GRAND LARCENY,
-73.88687195,40.67923417,2014,3,1015628,186760,1,GRAND LARCENY,
-73.87053242,40.67560482,2014,3,1020162,185444,1,GRAND LARCENY,
-73.94385471,40.69148757,2014,3,999820,191209,1,BURGLARY,
-73.95047311,40.65076087,2014,3,997993,176370,1,GRAND LARCENY,
-73.7887157,40.70003296,2014,7,1042835,194388,1,ROBBERY,
-73.94785132,40.64388403,2014,3,998722,173865,1,GRAND LARCENY,
-73.98154913,40.6748747,2014,3,989368,185152,1,BURGLARY,
-73.99452831,40.57669492,2014,3,985770,149382,1,FELONY ASSAULT,
-73.99629953,40.57460345,2014,3,985278,148620,1,ROBBERY,
-73.94752297,40.6719328,2014,3,998807,184084,1,BURGLARY,
-73.95120699,40.59832196,2014,3,997800,157265,1,ROBBERY,
-73.95137525,40.65406323,2014,3,997742,177573,1,GRAND LARCENY,
-74.02884764,40.63247392,2014,3,976243,169705,1,GRAND LARCENY,
-73.95071556,40.59574164,2014,3,997937,156325,1,GRAND LARCENY,
-73.98610051,40.597261,2014,3,988110,156875,2,BURGLARY,
-73.8865508,40.66032781,2014,7,1015726,179872,1,ROBBERY,
-73.99131915,40.5901168,2014,3,986661,154272,1,GRAND LARCENY,
-73.91183024,40.69394877,2014,3,1008700,192113,1,FELONY ASSAULT,
-73.99847484,40.68388726,2014,3,984673,188435,1,GRAND LARCENY,
-73.98711617,40.57754796,2014,3,987829,149693,1,BURGLARY,
-73.95638437,40.66569487,2014,3,996350,181810,1,GRAND LARCENY,
-73.94510152,40.67939196,2014,3,999477,186802,1,GRAND LARCENY,
-73.95177263,40.65774964,2014,3,997631,178916,3,GRAND LARCENY,
-74.03031595,40.62888062,2014,3,975835,168396,1,BURGLARY,
-73.99204106,40.57499849,2014,3,986461,148764,1,FELONY ASSAULT,
-73.97889289,40.59289568,2014,3,990112,155285,1,GRAND LARCENY,
-74.1526948,40.59027918,2014,7,941841,154368,1,GRAND LARCENY,
-73.87049745,40.66762296,2014,3,1020176,182536,2,ROBBERY,
-73.95306261,40.68893083,2014,3,997267,190276,1,FELONY ASSAULT,
-73.97940498,40.69538327,2014,3,989961,192624,1,FELONY ASSAULT,
-73.99234756,40.72748211,2014,3,986371,204318,1,BURGLARY,
-73.94256678,40.82195016,2014,3,1000146,238741,1,ROBBERY,
-73.96414445,40.80766987,2014,3,994176,233535,1,GRAND LARCENY,
-73.98106557,40.72735455,2014,3,989498,204272,1,FELONY ASSAULT,
-73.95237083,40.77902435,2014,3,997441,223100,1,GRAND LARCENY,
-73.97059741,40.79627834,2014,3,992391,229384,1,GRAND LARCENY,
-73.9400512,40.82292874,2014,3,1000842,239098,1,GRAND LARCENY,
-73.86080273,40.84633037,2014,7,1022762,247649,1,GRAND LARCENY,
-73.99456313,40.72382348,2014,3,985757,202985,1,GRAND LARCENY,
-73.99598826,40.72265976,2014,3,985362,202561,1,GRAND LARCENY,
-73.93694482,40.82961321,2014,3,1001700,241534,1,ROBBERY,
-73.91677133,40.76849453,2014,3,1007304,219271,1,GRAND LARCENY,
-73.9094977,40.76521457,2014,3,1009320,218078,1,GRAND LARCENY OF MOTOR VEHICLE,
-73.89678256,40.76105382,2014,3,1012844,216566,1,BURGLARY,
-73.78024643,40.77701038,2014,3,1045113,222439,1,GRAND LARCENY,
-73.87257013,40.76386216,2014,3,1019550,217598,1,GRAND LARCENY,
-73.91109592,40.76596787,2014,3,1008877,218352,1,GRAND LARCENY,
-73.72812441,40.67680019,2014,3,1059662,185970,1,GRAND LARCENY,
-74.0000324,40.57724401,2014,7,984241,149582,1,ROBBERY,
-73.92012055,40.76934228,2014,3,1006376,219579,1,BURGLARY,
-73.87205666,40.76619188,2014,3,1019691,218447,1,GRAND LARCENY,
-74.23331766,40.50156292,2014,3,919363,122096,1,BURGLARY,
-74.23621294,40.53433023,2014,3,918590,134036,1,GRAND LARCENY,
-74.22932872,40.54628416,2014,3,920515,138386,2,ROBBERY,
-74.16906784,40.5823073,2014,3,937288,151472,3,GRAND LARCENY,
-74.16906784,40.5823073,2014,3,937288,151472,1,ROBBERY,
-74.23349322,40.51682655,2014,3,919329,127657,2,GRAND LARCENY,
-73.9028977,40.84757292,2014,3,1011115,248086,1,FELONY ASSAULT,
-73.92084657,40.81763357,2014,3,1006159,237173,1,GRAND LARCENY,
-73.98084215,40.68876039,2014,7,989563,190211,1,GRAND LARCENY,
-73.91590477,40.88295131,2014,3,1007504,260972,1,GRAND LARCENY,
-73.88547269,40.87260508,2014,3,1015924,257212,1,GRAND LARCENY,
-73.92487079,40.81164454,2014,3,1005047,234990,1,BURGLARY,
-73.8174956,40.83824169,2014,3,1034750,244724,1,GRAND LARCENY,
-73.8345346,40.88505635,2014,3,1030003,261771,1,GRAND LARCENY,
-73.82232902,40.83900952,2014,3,1033412,245001,1,GRAND LARCENY,
-73.84867809,40.87738513,2014,3,1026097,258969,1,FELONY ASSAULT,
-73.86920243,40.8758128,2014,3,1020422,258387,1,GRAND LARCENY,
-73.88210274,40.88076441,2014,3,1016852,260186,1,BURGLARY,
-73.88524732,40.87748218,2014,3,1015984,258989,1,FELONY ASSAULT,
-74.10660609,40.56877897,2014,7,954632,146516,1,FELONY ASSAULT,
-73.92017914,40.81985908,2014,3,1006343,237984,1,FELONY ASSAULT,
-73.94919684,40.66091601,2014,3,998345,180070,1,GRAND LARCENY OF MOTOR VEHICLE,
-73.93557602,40.59002222,2014,3,1002143,154244,2,FELONY ASSAULT,
-73.94153462,40.62732718,2014,3,1000479,167834,1,FELONY ASSAULT,
-73.93908696,40.70006804,2014,3,1001140,194336,1,BURGLARY,
-73.8838822,40.67563004,2014,3,1016459,185448,1,BURGLARY,
-73.9384409,40.68499068,2014,3,1001323,188843,1,ROBBERY,
-73.92864878,40.68087061,2014,3,1004040,187344,1,GRAND LARCENY,
-73.94302725,40.69345791,2014,3,1000049,191927,1,BURGLARY,
-73.96364126,40.57819894,2014,3,994350,149932,1,ROBBERY,
-73.94911813,40.72630186,2014,7,998353,203892,1,GRAND LARCENY OF MOTOR VEHICLE,
-73.93831557,40.69964219,2014,3,1001354,194181,1,BURGLARY,
-73.93960662,40.69572335,2014,3,1000997,192753,1,FELONY ASSAULT,
-73.92467828,40.68169425,2014,3,1005141,187645,1,ROBBERY,
-73.94858489,40.68794628,2014,3,998509,189918,1,FELONY ASSAULT,
-73.94317058,40.70299056,2014,3,1000007,195400,1,GRAND LARCENY OF MOTOR VEHICLE,
-74.0029844,40.74168094,2014,3,983423,209491,6,GRAND LARCENY,
-73.98612115,40.74051911,2014,3,988096,209068,1,GRAND LARCENY,
-73.99071967,40.75850591,2014,3,986821,215621,1,ROBBERY,
-73.98472329,40.73051431,2014,3,988484,205423,1,FELONY ASSAULT,
-73.98565189,40.74116132,2014,3,988226,209302,1,GRAND LARCENY,
-73.95050219,40.66985632,2014,7,997981,183327,1,FELONY ASSAULT,
-73.95116691,40.82544814,2014,3,997765,240014,1,GRAND LARCENY,
-73.94220896,40.78881291,2014,3,1000253,226668,1,FELONY ASSAULT,
-73.95034203,40.81233901,2014,3,997996,235238,1,ROBBERY,
-73.97970234,40.73733973,2014,3,989875,207910,1,FELONY ASSAULT,
-73.98429608,40.76731583,2014,3,988600,218831,1,GRAND LARCENY,
-73.9879829,40.76226046,2014,3,987579,216989,1,GRAND LARCENY,
-73.94058869,40.79152114,2014,3,1000701,227655,1,GRAND LARCENY,
-73.88821286,40.75037699,2014,3,1015223,212679,1,GRAND LARCENY,
-73.86903249,40.75464408,2014,3,1020535,214241,1,BURGLARY,